researcher_id,name,research_field,crew_id
1195,Walter,Eros Inc.,221
1340,Samson,Sem Magna Nec Associates,274
2169,Chantale,Sagittis Semper LLP,382
1655,Kimberley,Orci Sem Foundation,157
2523,Stella,Neque Nullam Nisl Corp.,79
1812,Cleo,Dictum Foundation,101
2677,Mason,Donec At LLP,111
1751,Scarlet,Lorem Eget Mollis LLP,307
1170,Colin,Aliquam Gravida Mauris Foundation,86
1560,Mira,Aliquam Inc.,43
2013,Kyra,Integer Industries,285
2203,Inez,Tortor Industries,170
2357,Francis,Metus Aenean Sed Industries,100
2423,Ahmed,Facilisi Sed Neque LLC,280
1289,Zane,Molestie Sodales Mauris Company,110
1858,Stewart,Cum Inc.,135
2303,Laurel,Et Pede Nunc Ltd,144
1671,Gloria,Tincidunt Dui Augue Ltd,276
1850,Olivia,Cras Institute,107
2898,Rudyard,Phasellus Dolor LLP,328
1712,Burke,Proin Ltd,117
2027,Ginger,Ac Mattis Semper Industries,18
2187,Shaeleigh,Fusce Dolor PC,33
1520,Fitzgerald,Molestie Arcu Corporation,247
1652,Clark,Vestibulum LLP,349
2660,Zeph,Bibendum Corporation,288
1145,Halee,Egestas Blandit Ltd,10
2731,Miranda,Lacus Ut Incorporated,201
2624,Fay,Purus Gravida Limited,46
2492,Aurelia,Id Erat Ltd,250
1345,Mikayla,Arcu Curabitur Ut Corporation,179
1410,Michelle,Eu Odio Foundation,76
2847,Hasad,In Tempus LLC,191
2301,Carly,Metus Sit Associates,384
1735,Chaim,Mauris Industries,65
2352,Barbara,Mattis Inc.,83
1369,Harding,Commodo LLP,39
1945,Daniel,Eu Eleifend PC,283
2000,Priscilla,Velit Aliquam LLC,27
1341,Rhiannon,Ante Institute,306
1268,Neil,Vestibulum Lorem Sit Limited,250
2481,Ursa,Enim Curabitur Limited,320
1024,Raphael,Cum Sociis Natoque Limited,53
2129,Christopher,Et Malesuada Institute,290
2912,Clayton,Lacus Vestibulum Corporation,296
2308,Colin,A Ultricies Consulting,273
2179,TaShya,In Faucibus Industries,27
1606,Damon,Libero Ltd,388
1337,Alika,Aenean Eget LLC,222
2667,Nehru,Aliquet Odio Limited,98
1055,Alexander,Suspendisse Institute,46
1875,Angela,Pretium Et Foundation,223
1034,Paul,Auctor Velit Eget Foundation,95
2634,Aidan,Lorem Donec LLC,145
1584,Jaquelyn,Mauris Ut Ltd,38
2726,Anastasia,Lacus Limited,42
2093,Oscar,Faucibus Id Libero LLP,161
1808,Melinda,Orci Phasellus Corp.,168
2057,Francesca,Non Leo Vivamus LLC,217
2937,Addison,Posuere Cubilia Corporation,29
1864,Iola,Sapien Ltd,163
2945,Eric,Erat Sed Foundation,123
2200,Constance,Vitae Associates,123
2112,Zena,Non Industries,315
1848,Carissa,In Ornare Corp.,110
2314,Caesar,Neque Sed Corp.,392
2251,Allen,Mauris Magna Corp.,19
1292,Miriam,Sed Auctor Odio Corporation,80
2936,Keegan,Fusce Fermentum Ltd,378
2658,Forrest,Est Nunc PC,80
2569,Logan,Enim Consequat LLP,175
2502,Mechelle,Aliquam Fringilla Cursus Institute,14
2039,Mona,Proin Non Foundation,210
2965,Noel,Vestibulum Ante Inc.,89
1184,Neve,Augue LLP,12
2704,Andrew,Gravida Non LLC,117
2939,Kiayada,Risus A Ultricies PC,11
1315,Chiquita,Tristique Neque PC,342
2487,Keiko,Adipiscing Foundation,281
2580,Chandler,Tempor Ltd,339
1845,Ruth,Consectetuer Cursus Et Inc.,259
2735,Aladdin,Tortor Dictum Eu Associates,257
1913,Amery,Vulputate Posuere Incorporated,244
2208,Venus,Tempus Eu Ligula Industries,147
2747,Rigel,Quisque Fringilla Ltd,241
2437,Clementine,Magna A LLC,333
1189,Dante,Eget Lacus Ltd,136
1836,Kimberly,Nibh Aliquam Inc.,93
1904,Dacey,Morbi Neque Tellus PC,234
1559,Macaulay,Feugiat Corp.,384
1443,Cameron,Pellentesque Sed Dictum Limited,18
1667,Daphne,Ut Nulla Consulting,211
2339,Kirby,Pede Nunc Incorporated,162
2175,Jane,Eu Placerat Eget Ltd,376
1811,Tasha,Nullam Ut Nisi Corporation,168
1235,Caldwell,Luctus Et Ultrices PC,393
2932,Audrey,Blandit Viverra Donec Corporation,302
2224,Martina,Magna Incorporated,199
2877,Ferdinand,Scelerisque Company,85
2006,Octavia,Arcu Corp.,312
1674,Justine,Eu Erat Semper Inc.,302
1737,Lillian,A Sollicitudin Orci PC,9
2854,Jana,Justo Institute,284
2195,Galena,Odio Auctor Inc.,76
2132,Alexis,Laoreet Lectus Corp.,254
1749,Vivian,Eleifend Nec Malesuada LLP,49
2064,Lamar,Vulputate Inc.,311
1815,Dorothy,Dolor Tempus Foundation,238
2928,Marah,Orci Phasellus Dapibus Ltd,355
2993,Nasim,Luctus Et LLC,262
1630,Gregory,Proin Non Company,93
1910,Felicia,A Magna Ltd,243
1946,Indigo,Pede Sagittis Company,352
2457,Neil,At Risus Foundation,254
1480,Carter,Vel Convallis In LLC,146
2730,Amy,Ultrices A Corp.,269
2763,Ora,Aliquet Libero Incorporated,251
2879,Harper,Risus Quis LLC,303
2457,Murphy,Mattis Integer Industries,293
2481,Regina,Diam Eu Dolor Ltd,367
1134,McKenzie,Mus Proin Associates,107
2110,Carly,Mi Aliquam Industries,115
1971,Leandra,Non Ante Corp.,372
2237,Leonard,Vitae Dolor Corp.,364
2054,Hope,Ac LLP,41
1386,Berk,Sit Amet Associates,226
2350,Jamalia,Fringilla Foundation,277
2491,Keaton,Dolor Tempus LLP,324
1725,Sybill,Donec Feugiat Inc.,153
2148,Jarrod,Dui Nec Corporation,352
2944,Tamekah,Feugiat Company,283
1695,Quinn,Libero Integer Industries,235
1762,Colleen,Lorem Ut Associates,287
1610,Abra,Dui Fusce LLP,9
1619,Phoebe,Sagittis Felis Donec PC,134
1583,Mannix,Sed Dui PC,11
1443,Jamalia,Orci Luctus Industries,194
2299,Kirestin,Orci Luctus Et Ltd,5
2046,Harrison,Lacinia Vitae Associates,393
2186,Uma,Ac Limited,153
2836,Violet,Dolor Dolor Associates,45
1790,Georgia,Nascetur Ridiculus Mus PC,15
2727,Aladdin,Cum Sociis Natoque Inc.,266
1784,Jasmine,Maecenas Libero Institute,17
2442,Boris,Sapien Aenean Massa Corp.,34
2056,Rylee,Euismod Et Ltd,103
2248,Castor,Dignissim Lacus Aliquam Associates,195
2600,Perry,Etiam Industries,319
1677,Edward,Vulputate Posuere PC,16
2005,Samantha,Faucibus Orci Luctus Corporation,144
2315,Gary,Fusce Dolor Associates,46
2539,Chandler,Convallis Erat Ltd,255
2538,Reuben,Eu Inc.,349
1458,Myles,Diam Vel Arcu Incorporated,176
2465,Veronica,Purus Accumsan Interdum LLP,1
1016,Lara,Molestie Institute,89
2666,Megan,Aptent Consulting,41
1266,Gavin,Et Rutrum Eu Institute,235
2369,Porter,Et Eros Proin Corporation,19
2905,Fredericka,Convallis Incorporated,340
1962,Linus,Urna Nullam Corporation,66
1526,Jakeem,Gravida Nunc Corporation,233
1236,Kitra,Massa Rutrum Magna LLC,57
2933,Perry,Libero LLC,294
2387,Basil,Facilisis Facilisis Corp.,279
1757,Emily,Vitae Purus Associates,11
1411,Gannon,Arcu Et Pede Incorporated,258
1618,Carissa,Diam Proin Dolor PC,323
1745,Amir,Sociis Natoque LLP,78
2902,Lillian,Eget Odio Institute,262
1059,Liberty,Sociis Inc.,3
2554,Zorita,Lectus Cum Limited,306
2329,Baxter,Dolor Dapibus Corp.,187
2997,Tasha,Lorem Tristique Corp.,70
2119,Lila,Erat Foundation,61
1848,Ivana,Sociosqu Ad PC,384
2223,Scarlet,Non Ltd,73
1647,Anjolie,Sed Eget LLP,129
1788,Brett,Risus Nulla Institute,94
2632,Quail,Donec Non Justo PC,328
2733,Barry,Curabitur Industries,121
2632,Drew,Cras Vehicula PC,359
2284,Driscoll,Purus Nullam Scelerisque Company,125
1364,Jocelyn,Sem Consequat Limited,117
1053,Nina,Ut Nisi Foundation,269
1649,Natalie,Morbi Corporation,163
1248,Amy,Vestibulum Accumsan Ltd,120
1183,Madonna,Volutpat Ornare Industries,83
1269,Bruce,Aliquam Erat Foundation,334
2870,Paloma,Euismod Mauris Limited,254
1269,Hamish,Nulla Corporation,90
2423,Carol,Enim Condimentum Limited,210
2475,Xenos,Iaculis Limited,145
1116,Brock,Sed Eu Industries,54
1895,Urielle,Ultricies Sem Magna Incorporated,213
1025,Brandon,Duis Dignissim PC,354
2990,Caesar,Auctor Vitae Corp.,30
2186,Barry,Phasellus Foundation,75
1335,Samson,Parturient LLP,277
1574,Celeste,Cras Eget LLC,361
2498,Dante,Amet Diam Eu Corporation,357
2159,Quinlan,Lorem Ipsum Dolor PC,362
2238,Lee,Molestie Arcu Sed Corporation,333
1125,Raya,Vestibulum Ante Institute,380
1750,Jeremy,Proin Mi Incorporated,55
1293,Daryl,Fermentum Fermentum Arcu Consulting,79
1210,Oren,Etiam Gravida Molestie Corp.,93
2498,Paul,Scelerisque Neque Foundation,302
1065,Madonna,Sed Sem LLC,116
1656,Zelda,Arcu Institute,6
2089,Galvin,A Mi Corp.,126
1328,Keane,At Auctor Ltd,51
2133,Carissa,Sem Consequat Nec Industries,166
2348,Eaton,Non Feugiat Incorporated,386
2124,Isabelle,Ipsum Phasellus LLP,328
1152,Stuart,Dis Parturient Inc.,113
2536,Indira,Sit LLP,175
1006,Dana,Libero Mauris Inc.,27
2148,Jacqueline,Arcu Vel Corporation,251
1793,Serena,Posuere At Corp.,177
1282,Upton,Dolor Sit Corp.,176
1250,August,Non Incorporated,161
2363,Basil,Interdum Sed Institute,332
2717,Hayley,Vulputate Corporation,153
2563,Tiger,Egestas Hendrerit Neque Foundation,132
2230,Carson,Nec Quam Curabitur Ltd,201
2596,Keely,Urna Nullam LLC,253
2487,Adena,Euismod LLC,397
1241,Ciaran,Enim Curabitur LLP,68
2427,Chancellor,Et Foundation,214
1816,Willa,Aliquet Sem Ut LLP,184
1275,Clinton,Eu Dui Cum Corp.,118
1847,Hadley,Ornare Placerat LLC,280
1691,Madeline,Egestas A Foundation,210
2581,Nero,Sodales Nisi Corporation,176
1294,Wynne,Malesuada Fames Ac Industries,374
2536,Ebony,Fermentum Metus Aenean LLC,209
2816,Colin,Tellus Non Magna PC,256
1079,Maggy,Nisl Elementum Purus PC,139
1747,Mechelle,Ipsum Suspendisse Corp.,326
2087,Shana,In Molestie Tortor Associates,163
2546,Quyn,Ac Mattis LLP,244
1095,Amy,Egestas LLC,305
1848,Joel,Cursus Non Industries,97
2289,Dahlia,Nulla In Corp.,209
2052,Alfreda,Cursus In Hendrerit Ltd,357
2173,Chava,Vitae Orci Corporation,177
2753,Octavia,Et Corporation,333
1735,Quail,Lorem Associates,345
1963,Iris,Molestie Dapibus Ltd,107
2356,Reagan,Leo Vivamus Nibh Industries,273
1636,Janna,Nibh Lacinia Foundation,376
2180,Jamal,Lorem Ipsum Dolor Ltd,204
2121,Carla,A Arcu Sed Consulting,300
1404,Stuart,Nulla Corporation,29
2929,Phillip,Maecenas Iaculis Corporation,158
2144,Kaseem,Egestas Foundation,28
1000,Kamal,Posuere At Corporation,270
2143,Kiayada,Neque Tellus Imperdiet Corporation,234
1546,Vera,Ut Pellentesque Industries,154
2683,Xena,Elit Curabitur PC,98
1917,Keane,Ullamcorper Duis Limited,252
1403,Colorado,Vivamus Nibh Limited,66
2779,Christopher,Sem Ut Dolor Incorporated,317
2546,Eaton,Risus Odio Foundation,72
2212,George,Dui Institute,159
1253,Mona,Orci Ut Limited,203
2044,Jesse,Mollis Integer Tincidunt LLC,134
1387,Malachi,Tellus Limited,328
1059,Oren,Sollicitudin Commodo Company,337
1784,Nissim,Tortor Integer Ltd,29
2420,Noelle,Sed Tortor PC,391
2057,Kameko,Ornare Ltd,259
1347,Chaim,Donec Sollicitudin Ltd,8
2491,Ursula,Nulla Dignissim Maecenas PC,213
1687,Alden,Vel Lectus LLC,268
1110,Avram,Nunc Nulla PC,279
1874,Rogan,Fusce Corp.,4
2779,Carl,Purus Associates,394
2528,Leonard,Quisque Ac Institute,158
1079,Kato,Vel Quam LLP,200
1125,Kuame,Diam Duis Consulting,362
1009,Vaughan,Nunc Mauris Elit Institute,191
2941,Chloe,Orci Lacus LLP,375
1266,Karly,Diam Vel Arcu Incorporated,200
2479,Jin,Nec Mauris Incorporated,82
1760,Dara,Non Cursus Non Associates,392
1014,Regan,Est Mauris LLP,238
1014,Moana,Augue Scelerisque LLP,10
1108,Portia,Tempor Lorem Consulting,327
2111,Calvin,Nam Ligula LLC,228
1284,Philip,Pharetra Nam Ltd,27
2869,Harlan,Diam Proin Dolor PC,87
2969,Clinton,Sollicitudin Limited,58
2182,Murphy,Elit LLC,337
2850,Shay,Mi Ltd,67
2674,Vance,Morbi Institute,359
1130,Giselle,Nec Diam Industries,140
2048,Ferris,Suspendisse Ac Associates,260
2281,Katell,Inceptos Hymenaeos Mauris Corp.,44
1776,Zachery,Eget Inc.,75
1305,Declan,Dictum Cursus Corporation,243
1285,Flynn,Mattis Cras Eget Industries,309
2118,Nathan,Sem Corp.,96
1567,Jasmine,Lacus LLC,280
1188,Hedy,Rutrum Incorporated,301
2101,Barry,Orci In Industries,2
2587,Upton,Magna Ltd,99
1303,Ramona,Dignissim Magna A LLC,275
1811,Denton,Arcu Vestibulum Ante Incorporated,182
2766,Hermione,Ac Mi LLP,79
2331,Isabella,Risus Quisque Institute,160
2629,Camilla,Ultricies Foundation,336
2100,Ifeoma,Elementum Purus Associates,23
1145,Carlos,Lorem Ipsum Corporation,221
2072,Sonia,Dapibus Rutrum Justo Corporation,186
1848,Amber,Ridiculus Mus Aenean Industries,260
1927,Joel,Erat Eget Corporation,156
1434,Rose,Dictum Eu Limited,146
1047,Darius,Quisque Purus Corporation,17
2704,Britanney,Egestas Lacinia Sed Incorporated,127
1976,Giselle,Quam Corp.,350
1346,Meredith,Elit Incorporated,85
1096,Jakeem,Nisl Arcu Incorporated,268
2280,Amena,Morbi Foundation,381
1893,Karyn,Non Ante Bibendum LLC,57
2004,Kylan,Donec LLP,29
1098,Tyler,Eleifend Nunc Associates,279
2830,Constance,Donec Est Corp.,292
1784,Hu,Donec Industries,141
1046,Harlan,Vestibulum Lorem Industries,118
1503,Adele,Libero Morbi Accumsan Limited,75
2426,Damian,Non Enim Incorporated,57
2309,Naida,Mollis Duis Company,264
2110,Serena,Nec Ante Institute,121
2308,Jordan,A Scelerisque Sed Inc.,321
2211,Brendan,Senectus Corporation,315
2855,Leila,Ante Associates,70
2478,Pamela,Et Magna Foundation,206
1502,Garth,Metus Aliquam LLP,365
2463,Asher,Donec Vitae Company,260
2783,Fatima,Et PC,330
1886,Dorian,Sem Ut LLC,142
1942,Timon,Nascetur Ridiculus Mus Inc.,239
2599,Remedios,Torquent Per Conubia Limited,192
2831,Shelby,Mauris Eu Elit Ltd,376
2527,Ronan,Enim Sed Institute,240
2276,Justin,Cursus Integer Mollis Ltd,371
2692,Randall,Sit Amet PC,158
1808,Walker,Cras Pellentesque Limited,78
1766,Theodore,In Nec Orci Associates,127
2239,Jael,Aliquet Odio Corporation,112
1765,Darius,Nulla At Sem PC,199
1777,Sybil,Eu Eleifend Corp.,356
1093,Oprah,Nibh Donec Est Consulting,310
2596,Harlan,Enim Nunc Corp.,288
1673,Charde,Morbi Sit Amet Industries,198
1893,Xenos,Mauris Foundation,324
2799,Halee,Suspendisse Industries,373
2764,Yoshio,Pede Et Institute,226
1168,Hammett,Lectus Justo Eu Company,59
2766,Nigel,Dictum Phasellus Ltd,336
2392,Denise,Mus Proin Institute,67
2570,Edward,A Limited,26
2270,Willa,At Fringilla Foundation,99
2272,Hermione,Curae Phasellus Corporation,61
2146,Stacy,Ut Nec Urna PC,259
1255,Hedy,Tellus Id Nunc Industries,226
2936,Hunter,Tempor Diam LLP,249
2538,Quyn,Odio Nam Associates,64
2337,Nolan,At Iaculis LLC,142
1804,Ethan,Dis Parturient Limited,283
1109,Wendy,Donec Ltd,340
1579,Flynn,Cubilia Curae Phasellus Institute,297
2087,Paki,Gravida Ltd,255
2569,Gil,Erat Neque Non LLC,237
2306,Sybill,Pede Consulting,185
1845,Candace,Nulla Corporation,282
2852,Declan,Magna LLC,79
1048,Joseph,Mus Proin Corp.,303
2234,Louis,Id Limited,92
1651,Amir,Dolor Donec Consulting,223
1582,Ferris,Vehicula Risus LLC,96
1284,Keefe,Nibh Corporation,325
2842,Ariana,Sem Ut Company,139
1635,Stewart,Curabitur PC,46
1504,Adrian,Vitae Erat Vel Corp.,176
2016,Wyatt,Convallis Ante Lectus Institute,180
1397,Hilel,Nulla Semper Tellus Corporation,336
1067,Carlos,Urna Nunc Consulting,68
2397,Matthew,In Cursus LLP,258
1323,Fletcher,Arcu Vestibulum Ut Ltd,390
2226,Sebastian,Mollis Associates,158
2454,Daria,Tempor Augue Industries,118
2650,Serina,Morbi Metus LLC,118
1533,Ashely,Eget Tincidunt Ltd,17
1138,Sierra,Cras Convallis PC,129
1537,Carson,A Nunc In Institute,94
2004,Aline,Ornare Limited,31
2038,Kylee,Dictum Ultricies LLC,242
